{
  "performance": {
    "endpoint_times": {
      "Homepage": {
        "avg": 3.2216183999480563,
        "p50": 2.725571999690146,
        "p95": 4.963710000083665,
        "status_code": 200
      },
      "Shop (page 1)": {
        "avg": 3.7191749999692547,
        "p50": 3.7225939995551016,
        "p95": 3.873306999594206,
        "status_code": 200
      },
      "Shop (page 5)": {
        "avg": 4.056374200081336,
        "p50": 4.038844000206154,
        "p95": 4.138303999752679,
        "status_code": 200
      },
      "Shop (sort by price)": {
        "avg": 4.070246799710731,
        "p50": 3.483946999949694,
        "p95": 6.363444000271556,
        "status_code": 200
      },
      "Shop (filter category)": {
        "avg": 4.532465599913849,
        "p50": 3.9338859996860265,
        "p95": 7.240363000164507,
        "status_code": 200
      },
      "Blog": {
        "avg": 2.7333207999618025,
        "p50": 2.64698099999805,
        "p95": 3.2263769999190117,
        "status_code": 200
      },
      "Search": {
        "avg": 2.444781199847057,
        "p50": 2.418799999759358,
        "p95": 2.5403740000911057,
        "status_code": 200
      },
      "Product detail": {
        "avg": 6.410611000137578,
        "p50": 6.490710000434774,
        "p95": 6.590028000573511,
        "status_code": 200
      },
      "Static page": {
        "avg": 2.0150235999608412,
        "p50": 1.9797649993051891,
        "p95": 2.127211000697571,
        "status_code": 200
      },
      "Cart page": {
        "avg": 0.9935803998814663,
        "p50": 0.9649839994381182,
        "p95": 1.0949279994747485,
        "status_code": 200
      },
      "Checkout page": {
        "avg": 0.8996063999802573,
        "p50": 0.8974259999376955,
        "p95": 0.9412409999640658,
        "status_code": 200
      },
      "Robots.txt": {
        "avg": 0.735069599977578,
        "p50": 0.7193350002125953,
        "p95": 0.8080600000539562,
        "status_code": 200
      },
      "Sitemap.xml": {
        "avg": 24.854232400139153,
        "p50": 19.631321999440843,
        "p95": 45.60043600031349,
        "status_code": 200
      },
      "API products": {
        "avg": 3.1673133998992853,
        "p50": 3.140331999929913,
        "p95": 3.2730829998399713,
        "status_code": 200
      },
      "API search": {
        "avg": 2.306138399762858,
        "p50": 2.0079549994989065,
        "p95": 3.384067999832041,
        "status_code": 200
      },
      "Admin login": {
        "avg": 0.7709085999522358,
        "p50": 0.761606999731157,
        "p95": 0.8380560002478887,
        "status_code": 200
      }
    },
    "load_test": {
      "total_requests": 50,
      "errors": 0,
      "avg_ms": 307.43942105991664,
      "p95_ms": 483.9440339992507,
      "p99_ms": 531.9854399995165,
      "max_ms": 531.9854399995165
    }
  },
  "security": {},
  "stability": {},
  "data_integrity": {},
  "issues": [],
  "warnings": [
    {
      "category": "Load test avg",
      "detail": "307.4ms"
    }
  ]
}